domain_name,org
18f.gov,General Services Administration
2020census.gov,Census
400yaahc.gov,General Services Administration
911.gov,Department of Transportation
abandonedmines.gov,Department of the Interior
accessibility.gov,General Services Administration
acf.gov,Department of Health and Human Services
acl.gov,Department of Health and Human Services
acquisition.gov,General Services Administration
acwi.gov,Department of the Interior
ada.gov,Department of Justice
afadvantage.gov,General Services Administration
afterschool.gov,Department of Health and Human Services
ag.gov,Department of Agriculture
aging.gov,Department of Health and Human Services
agingstats.gov,Department of Health and Human Services
ahcpr.gov,Department of Health and Human Services
ahrq.gov,Department of Health and Human Services
aids.gov,Department of Health and Human Services
airnow.gov,Environmental Protection Agency
alaskacenters.gov,Department of the Interior
alzeimers.gov,National Institutes of Health
alzheimers.gov,Department of Health and Human Services
amberalert.gov,Department of Justice
america.gov,Department of State
americathebeautifulquarters.gov,Department of Treasury
anstaskforce.gov,Department of the Interior
aoa.gov,Department of Health and Human Services
ap.gov,Department of Commerce
apprenticeship.gov,Department of Labor
apprenticeships.gov,Department of Labor
arctic.gov,National Science Foundation
arm.gov,Department of Energy
asap.gov,Department of Treasury
atf.gov,Department of Justice
atfonline.gov,Department of Justice
aviationweather.gov,Department of Commerce
ayudaconmibanco.gov,Department of Treasury
bankanswers.gov,Department of Treasury
bankcustomer.gov,Department of Treasury
bankcustomerassistance.gov,Department of Treasury
bankhelp.gov,Department of Treasury
banknet.gov,Department of Treasury
bats.gov,Department of Justice
bcfp.gov,Consumer Financial Protection Bureau
bea.gov,Department of Commerce
benefits.gov,Department of Labor
bep.gov,Department of Treasury
betobaccofree.gov,Department of Health and Human Services
bfem.gov,Department of Treasury
bia.gov,Department of the Interior
bioethics.gov,Department of Health and Human Services
biomassboard.gov,Department of Energy
biometrics.gov,Department of Homeland Security
biopreferred.gov,Department of Agriculture
bja.gov,Department of Justice
bjs.gov,Department of Justice
blm.gov,Department of the Interior
bls.gov,Department of Labor
bls.gov,U.S. Bureau of Labor Statistics
bnl.gov,Department of Energy
boem.gov,Department of the Interior
bondpro.gov,Department of Treasury
bosque.gov,Department of Agriculture
bpa.gov,Department of Energy
brainhealth.gov,Department of Health and Human Services
brainhealth.gov,National Institutes of Health
bsee.gov,Department of the Interior
btfa.gov,Department of the Interior
budgetlob.gov,Department of Education
build.gov,Executive Office of the President
buildbackbetter.gov,Executive Office of the President
buildingamerica.gov,Department of Energy
business.gov,Small Business Administration
businessusa.gov,General Services Administration
buyaccessible.gov,General Services Administration
buyamerican.gov,General Services Administration
buyusa.gov,Department of Commerce
campusdrugprevention.gov,Department of Justice
cancer.gov,Department of Health and Human Services
cao.gov,General Services Administration
casl.gov,Department of Energy
cbca.gov,General Services Administration
cbp.gov,Department of Homeland Security
ccac.gov,Department of Treasury
cdc.gov,Department of Health and Human Services
cdcpartners.gov,National Institutes of Health
cdfifund.gov,Department of Treasury
cendi.gov,Department of Energy
census.gov,Census
cfo.gov,General Services Administration
cfpa.gov,Consumer Financial Protection Bureau
cfpb.gov,Consumer Financial Protection Bureau
challenge.gov,General Services Administration
chcoc.gov,Office of Personnel Management
childcare.gov,Department of Health and Human Services
childreninadversity.gov,USAID
childstats.gov,Department of Education
childtaxcredit.gov,Executive Office of the President
childwelfare.gov,Department of Health and Human Services
choosemyplate.gov,Department of Agriculture
cio.gov,General Services Administration
cisa.gov,Department of Homeland Security
cisa.gov,CISA
citizenscience.gov,General Services Administration
cjis.gov,Department of Justice
climate.gov,Department of Commerce
clinicaltrial.gov,National Institutes of Health
clinicaltrials.gov,Department of Health and Human Services
clinicaltrials.gov,National Institutes of Health
cloud.gov,General Services Administration
cms.gov,Department of Health and Human Services
code.gov,General Services Administration
collegedrinkingprevention.gov,Department of Health and Human Services
collegenavigator.gov,Department of Education
commerce.gov,Department of Commerce
complaintreferralexpress.gov,Department of Treasury
comptrollerofthecurrency.gov,Department of Treasury
computersforlearning.gov,General Services Administration
consumeraction.gov,General Services Administration
consumerbureau.gov,Consumer Financial Protection Bureau
consumerfinance.gov,Consumer Financial Protection Bureau
consumerfinancial.gov,Consumer Financial Protection Bureau
consumerfinancialbureau.gov,Consumer Financial Protection Bureau
consumerfinancialprotectionbureau.gov,Consumer Financial Protection Bureau
consumerprotection.gov,Consumer Financial Protection Bureau
"consumerprotectionbureau.gov,mimm.gov",Consumer Financial Protection Bureau
contractdirectory.gov,General Services Administration
coralreef.gov,Department of the Interior
cpars.gov,General Services Administration
cpnireporting.gov,Department of Homeland Security
crimesolutions.gov,Department of Justice
crimevictims.gov,Department of Justice
crisisnextdoor.gov,Executive Office of the President
cuidadodesalud.gov,Department of Health and Human Services
cupcao.gov,Department of the Interior
cwc.gov,Department of State
cyber.gov,Department of Homeland Security
cybercareers.gov,Office of Personnel Management
cybercrime.gov,Department of Justice
cybersecurity.gov,Department of Homeland Security
data.gov,General Services Administration
dea.gov,Department of Justice
deaecom.gov,Department of Justice
dfafacts.gov,USAID
dhhs.gov,Department of Health and Human Services
dhs.gov,Department of Homeland Security
diabetescommittee.gov,Department of Health and Human Services
dietaryguidelines.gov,Department of Agriculture
digital.gov,General Services Administration
digitaldashboard.gov,General Services Administration
digitalgov.gov,General Services Administration
directoasucuenta.gov,Department of Treasury
disability.gov,Department of Labor
disasterassistance.gov,Federal Emergency Management Agency
disasterhousing.gov,Department of Housing and Urban Development
distracteddriving.gov,Department of Transportation
distraction.gov,Department of Transportation
dnsops.gov,Department of Commerce
doc.gov,Department of Commerce
docline.gov,Department of Health and Human Services
docline.gov,National Institutes of Health
doeal.gov,Department of Energy
doi.gov,Department of the Interior
doioig.gov,Department of the Interior
dol.gov,Department of Labor
doleta.gov,Department of Labor
donaciondeorganos.gov,Department of Health and Human Services
dot.gov,Department of Transportation
dotgov.gov,General Services Administration
dotideahub.gov,Department of Transportation
drought.gov,Department of Commerce
drugabuse.gov,Department of Health and Human Services
drugabuse.gov,National Institutes of Health
dsac.gov,Department of Justice
e-verify.gov,Department of Homeland Security
eac.gov,U.S. Election Assistance Commission
eaglecash.gov,Department of Treasury
earmarks.gov,Executive Office of the President
earthquake.gov,Department of the Interior
ecpic.gov,General Services Administration
ed.gov,Department of Education
eda.gov,Department of Commerce
edison.gov,Department of Health and Human Services
edison.gov,National Institutes of Health
eftps.gov,Department of Treasury
eia.gov,Department of Energy
eldercare.gov,Department of Health and Human Services
elderjustice.gov,Department of Justice
employeeexpress.gov,Office of Personnel Management
employer.gov,Department of Labor
empowhr.gov,Department of Agriculture
ems.gov,Department of Transportation
endingthedocumentgame.gov,Department of Health and Human Services
endingthedocumentgame.gov,National Institutes of Health
energy.gov,Department of Energy
energycodes.gov,Department of Energy
energystar.gov,Environmental Protection Agency
eop.gov,Executive Office of the President
epa.gov,Environmental Protection Agency
epic.gov,Department of Justice
esc.gov,Department of Transportation
esrs.gov,General Services Administration
eta-find.gov,Department of Treasury
evergladesrestoration.gov,Department of the Interior
everify.gov,Department of Homeland Security
everykidoutdoors.gov,Department of the Interior
everytrycounts.gov,Department of Health and Human Services
evus.gov,Department of Homeland Security
execsec.gov,Department of Agriculture
export.gov,Department of Commerce
eyenote.gov,Department of Treasury
faasafety.gov,Department of Transportation
faca.gov,General Services Administration
facadatabase.gov,General Services Administration
fafsa.gov,Department of Education
fai.gov,General Services Administration
fan.gov,Department of State
fapiis.gov,General Services Administration
fara.gov,Department of Justice
farmers.gov,Department of Agriculture
fatherhood.gov,Department of Health and Human Services
fbf.gov,General Services Administration
fbi.gov,Department of Justice
fbijobs.gov,Department of Justice
fbo.gov,General Services Administration
fda.gov,Food and Drug Administration
fdms.gov,General Services Administration
feb.gov,Office of Personnel Management
fedbizopps.gov,General Services Administration
fedcenter.gov,Environmental Protection Agency
federalinvestments.gov,Department of Treasury
federaljobs.gov,Office of Personnel Management
fedidcard.gov,General Services Administration
fedinfo.gov,General Services Administration
fedinvest.gov,Department of Treasury
fedjobs.gov,Office of Personnel Management
fedramp.gov,General Services Administration
fedrooms.gov,General Services Administration
fedshirevets.gov,Office of Personnel Management
feedthefuture.gov,USAID
fegli.gov,Office of Personnel Management
fema.gov,Federal Emergency Management Agency
ffb.gov,Department of Treasury
fgdc.gov,Department of the Interior
fha.gov,Department of Housing and Urban Development
financialresearch.gov,Department of Treasury
financialstability.gov,Department of Treasury
fincen.gov,Department of Treasury
findtreatment.gov,Department of Health and Human Services
firecode.gov,Department of the Interior
fireleadership.gov,Department of the Interior
firescience.gov,Department of the Interior
firstfreedom.gov,Department of Justice
firstgov.gov,General Services Administration
firstnet.gov,Department of Commerce
firstrespondertraining.gov,Department of Homeland Security
fishwatch.gov,Department of Commerce
fitness.gov,Department of Health and Human Services
fleta.gov,Department of Homeland Security
fletc.gov,Federal Law Enforcement Training Center
flightschoolcandidates.gov,Department of Homeland Security
flightschoolcandidates.gov,Transportation Security Administration
floodsmart.gov,Federal Emergency Management Agency
flyhealthy.gov,Department of Transportation
fmi.gov,General Services Administration
fnal.gov,Department of Energy
foia.gov,Department of Justice
foiaonline.gov,Environmental Protection Agency
foodsafety.gov,Department of Health and Human Services
foreignassistance.gov,Department of State
forestsandrangelands.gov,Department of Agriculture
forfeiture.gov,Department of Justice
forms.gov,General Services Administration
fpc.gov,General Services Administration
fpds.gov,General Services Administration
freshempire.gov,Department of Health and Human Services
frpg.gov,General Services Administration
frtr.gov,Environmental Protection Agency
fsd.gov,General Services Administration
fsoc.gov,Department of Treasury
fsrs.gov,General Services Administration
fueleconomy.gov,Department of Energy
fws.gov,Department of the Interior
g5.gov,Department of Education
gcmrc.gov,Department of the Interior
genome.gov,Department of Health and Human Services
genome.gov,National Institutes of Health
geomac.gov,Department of the Interior
geoplatform.gov,Department of the Interior
getsmartaboutdrugs.gov,Department of Justice
ginniemae.gov,Department of Housing and Urban Development
girlshealth.gov,Department of Health and Human Services
glnpo.gov,Environmental Protection Agency
globalentry.gov,Department of Homeland Security
globalhealth.gov,Department of Health and Human Services
globe.gov,National Aeronautics and Space Administration
gobiernousa.gov,General Services Administration
godirect.gov,Department of Treasury
goes-r.gov,Department of Commerce
governmentjobs.gov,Office of Personnel Management
govloans.gov,Department of Labor
gps.gov,Department of Commerce
grants.gov,Department of Health and Human Services
grantsolutions.gov,Department of Health and Human Services
gsa.gov,General Services Administration
gsaadvantage.gov,General Services Administration
gsaauctions.gov,General Services Administration
gsaig.gov,General Services Administration
gsaxcess.gov,General Services Administration
guideline.gov,Department of Health and Human Services
guidelines.gov,Department of Health and Human Services
hanford.gov,Department of Energy
hc.gov,Department of Health and Human Services
health.gov,Department of Health and Human Services
healthcare.gov,Department of Health and Human Services
healthdata.gov,Department of Health and Human Services
healthfinder.gov,Department of Health and Human Services
healthindicators.gov,Department of Health and Human Services
healthit.gov,Department of Health and Human Services
healthypeople.gov,Department of Health and Human Services
hearttruth.gov,Department of Health and Human Services
hearttruth.gov,National Institutes of Health
helpwithmybank.gov,Department of Treasury
helpwithmycheckingaccount.gov,Department of Treasury
helpwithmycreditcard.gov,Department of Treasury
helpwithmycreditcardbank.gov,Department of Treasury
helpwithmymortgage.gov,Department of Treasury
helpwithmymortgagebank.gov,Department of Treasury
hhs.gov,Department of Health and Human Services
hhsoig.gov,Department of Health and Human Services
hhsops.gov,Department of Health and Human Services
hirevets.gov,Department of Labor
hiv.gov,Department of Health and Human Services
homeenergyscore.gov,Department of Energy
homelandsecurity.gov,Department of Homeland Security
homesales.gov,Department of Housing and Urban Development
hrsa.gov,Department of Health and Human Services
hud.gov,Department of Housing and Urban Development
hudoig.gov,Department of Housing and Urban Development
huduser.gov,Department of Housing and Urban Development
hurricanes.gov,Department of Commerce
hydrogen.gov,Department of Energy
iawg.gov,Department of State
ibwc.gov,Department of State
ic3.gov,Department of Justice
icams-portal.gov,Department of Commerce
ice.gov,Department of Homeland Security
ice.gov,U.S. Immigration and Customs Enforcement
idealab.gov,Department of Health and Human Services
identitysandbox.gov,General Services Administration
idmanagement.gov,General Services Administration
iedison.gov,Department of Health and Human Services
iedison.gov,National Institutes of Health
ihs.gov,Department of Health and Human Services
indianaffairs.gov,Department of the Interior
info.gov,General Services Administration
inl.gov,Department of Energy
innovation.gov,General Services Administration
insurekidsnow.gov,Department of Health and Human Services
interior.gov,Department of the Interior
interpol.gov,Department of Justice
invasivespecies.gov,Department of the Interior
invasivespeciesinfo.gov,Department of Agriculture
ipp.gov,Department of Treasury
iprcenter.gov,Department of Justice
irs.gov,Department of Treasury
irsauctions.gov,Department of Treasury
irssales.gov,Department of Treasury
irsvideos.gov,Department of Treasury
isotope.gov,Department of Energy
isotopes.gov,Department of Energy
itap.gov,Department of Agriculture
its.gov,Department of Treasury
jem.gov,Department of the Interior
jobcorps.gov,Department of Labor
justice.gov,Department of Justice
justthinktwice.gov,Department of Justice
juvenilecouncil.gov,Department of Justice
kids.gov,General Services Administration
lacoast.gov,Department of the Interior
landfire.gov,Department of the Interior
landimaging.gov,Department of the Interior
lanl.gov,Department of Energy
lbl.gov,Department of Energy
lcacommons.gov,Department of Agriculture
lcrmscp.gov,Department of the Interior
learnatf.gov,Department of Justice
learndoj.gov,Department of Justice
lep.gov,Department of Justice
listo.gov,Department of Homeland Security
llnl.gov,Department of Energy
lmvsci.gov,Department of the Interior
locatorplus.gov,Department of Health and Human Services
locatorplus.gov,National Institutes of Health
login.gov,General Services Administration
longtermcare.gov,Department of Health and Human Services
luca-appeals.gov,Census
makinghomeaffordable.gov,Department of Treasury
malwareinvestigator.gov,Department of Justice
manufacturing.gov,Department of Commerce
marinecadastre.gov,Department of Commerce
max.gov,Executive Office of the President
mbda.gov,Department of Commerce
medalofvalor.gov,Department of Justice
medicaid.gov,Department of Health and Human Services
medicalcountermeasures.gov,Department of Health and Human Services
medicare.gov,Department of Health and Human Services
medlineplus.gov,Department of Health and Human Services
medlineplus.gov,National Institutes of Health
mentalhealth.gov,Department of Health and Human Services
mesh.gov,Department of Health and Human Services
mesh.gov,National Institutes of Health
mgi.gov,Department of Commerce
mha.gov,Department of Treasury
mitigationcommission.gov,Department of the Interior
moneyfactory.gov,Department of Treasury
moneyfactorystore.gov,Department of Treasury
mrlc.gov,Department of the Interior
msb.gov,Department of Treasury
msha.gov,Department of Labor
mtbs.gov,Department of Agriculture
my2020census.gov,Census
myira.gov,Department of Treasury
mymedicare.gov,Department of Health and Human Services
mymoney.gov,Department of Treasury
myplate.gov,Department of Agriculture
myra.gov,Department of Treasury
nafri.gov,Department of Agriculture
nagb.gov,Department of Education
namus.gov,Department of Justice
nasa.gov,National Aeronautics and Space Administration
nationalbank.gov,Department of Treasury
nationalbankhelp.gov,Department of Treasury
nationalbanknet.gov,Department of Treasury
nationalgangcenter.gov,Department of Justice
nationalhousing.gov,Department of Housing and Urban Development
nationalhousinglocator.gov,Department of Housing and Urban Development
nationalmap.gov,Department of the Interior
nationsreportcard.gov,Department of Education
navycash.gov,Department of Treasury
nbib.gov,Office of Personnel Management
nccs.gov,Department of Energy
ncifcrf.gov,Department of Health and Human Services
ncifcrf.gov,National Institutes of Health
ncirc.gov,Department of Justice
ncjrs.gov,Department of Justice
ncrc.gov,Department of Energy
neglecteddiseases.gov,USAID
nehrp.gov,Department of Commerce
nemi.gov,Department of the Interior
nepa.gov,Executive Office of the President
nersc.gov,Department of Energy
neup.gov,Department of Energy
nfpors.gov,Department of the Interior
nhl.gov,Department of Housing and Urban Development
nhtsa.gov,Department of Transportation
nic.gov,General Services Administration
nicic.gov,Department of Justice
nicsezcheckfbi.gov,Department of Justice
niem.gov,Department of Homeland Security
nifc.gov,Department of the Interior
nih.gov,Department of Health and Human Services
nih.gov,National Institutes of Health
nij.gov,Department of Justice
nist.gov,Department of Commerce
nist.gov,National Institute of Standards and Technology
nlm.gov,Department of Health and Human Services
nlm.gov,National Institutes of Health
nls.gov,Department of Housing and Urban Development
nmvtis.gov,Department of Justice
nnlm.gov,Department of Health and Human Services
nnlm.gov,National Institutes of Health
noaa.gov,National Oceanic and Atmospheric Administration
nps.gov,U.S. National Park Service
nrc-gateway.gov,Nuclear Regulatory Commission
nrc.gov,Nuclear Regulatory Commission
nrel.gov,Department of Energy
nsf.gov,National Science Foundation
nsopr.gov,Department of Justice
nsopw.gov,Department of Justice
ntia.gov,Department of Commerce
ntis.gov,Department of Commerce
nuclear.gov,Department of Energy
nutrition.gov,Department of Agriculture
nvtc.gov,Department of Justice
nwbc.gov,Small Business Administration
occ.gov,Department of Treasury
occhelps.gov,Department of Treasury
ojjdp.gov,Department of Justice
ojp.gov,Department of Justice
omb.gov,Executive Office of the President
ondcp.gov,Executive Office of the President
onhir.gov,Department of the Interior
onrr.gov,Department of the Interior
opioids.gov,Department of Health and Human Services
opm.gov,Office of Personnel Management
opportunityzones.gov,Department of Housing and Urban Development
orau.gov,Department of Energy
organdonor.gov,Department of Health and Human Services
ornl.gov,Department of Energy
osac.gov,Department of State
osha.gov,Department of Labor
osmre.gov,Department of the Interior
osti.gov,Department of Energy
ostp.gov,Executive Office of the President
ots.gov,Department of Treasury
ovc.gov,Department of Justice
ovcttac.gov,Department of Justice
pandemicflu.gov,Department of Health and Human Services
papahanaumokuakea.gov,Department of Commerce
pay.gov,Department of Treasury
paymentaccuracy.gov,General Services Administration
pbrb.gov,General Services Administration
pci.gov,Executive Office of the President
pepfar.gov,Department of State
performance.gov,General Services Administration
phe.gov,Department of Health and Human Services
pic.gov,General Services Administration
piedrasblancas.gov,Department of the Interior
pif.gov,General Services Administration
pitc.gov,Executive Office of the President
plainlanguage.gov,General Services Administration
pmf.gov,Office of Personnel Management
pmi.gov,USAID
pnl.gov,Department of Energy
pnnl.gov,Department of Energy
pppl.gov,Department of Energy
pregunteleakaren.gov,Department of Agriculture
presidentialinnovationfellows.gov,General Services Administration
privacyshield.gov,Department of Commerce
projectsafechildhood.gov,Department of Justice
projectsafeneighborhoods.gov,Department of Justice
psc.gov,Department of Health and Human Services
pscr.gov,Department of Commerce
psob.gov,Department of Justice
pubmed.gov,Department of Health and Human Services
pubmed.gov,National Institutes of Health
qatesttwai.gov,Department of Treasury
quantum.gov,National Science Foundation
rcfl.gov,Department of Justice
reach.gov,Department of Veterans Affairs
ready.gov,Department of Homeland Security
readybusiness.gov,Federal Emergency Management Agency
realestatesales.gov,General Services Administration
realpropertyprofile.gov,General Services Administration
rec.gov,Department of Agriculture
recoverymonth.gov,Department of Health and Human Services
recreation.gov,Department of Agriculture
reginfo.gov,General Services Administration
regulations.gov,General Services Administration
relocatefeds.gov,Environmental Protection Agency
reo.gov,Department of Agriculture
reportband.gov,Department of the Interior
reporting.gov,General Services Administration
research.gov,National Science Foundation
rivers.gov,Department of the Interior
rocis.gov,General Services Administration
sac.gov,National Science Foundation
safecar.gov,Department of Transportation
safecom.gov,Department of the Interior
safeocs.gov,Department of Transportation
safercar.gov,Department of Transportation
safertruck.gov,Department of Transportation
safetyact.gov,Science and Technology Directorate
salmonrecovery.gov,Department of Energy
sam.gov,General Services Administration
samhsa.gov,Department of Health and Human Services
sandia.gov,Department of Energy
savingsbond.gov,Department of Treasury
savingsbonds.gov,Department of Treasury
savingsbondwizard.gov,Department of Treasury
sba.gov,Small Business Administration
sbir.gov,Small Business Administration
sbst.gov,General Services Administration
schoolsafety.gov,Department of Homeland Security
scidac.gov,Department of Energy
science.gov,Department of Energy
sciencebase.gov,Department of the Interior
scijinks.gov,National Aeronautics and Space Administration
scra.gov,Department of Justice
search.gov,General Services Administration
secretservice.gov,U.S. Secret Service
section508.gov,General Services Administration
segurosocial.gov,Social Security Administration
selectagents.gov,Department of Health and Human Services
selectusa.gov,Department of Commerce
servicemembers.gov,Department of Justice
sftool.gov,General Services Administration
sharetheroadsafely.gov,Department of Transportation
sierrawild.gov,Department of the Interior
sigpr.gov,Department of Treasury
sigtarp.gov,Department of Treasury
simplereport.gov,Department of Health and Human Services
slgs.gov,Department of Treasury
smart.gov,Department of Justice
smartgrid.gov,Department of Energy
smokefree.gov,Department of Health and Human Services
smokefree.gov,National Institutes of Health
sns.gov,Department of Energy
socialsecurity.gov,Social Security Administration
spaceweather.gov,Department of Commerce
spectrum.gov,Department of Commerce
ssa.gov,Social Security Administration
sss.gov,Selective Service System
standards.gov,Department of Commerce
state.gov,Department of State
stopalcoholabuse.gov,Department of Health and Human Services
stopbullying.gov,Department of Health and Human Services
stopfakes.gov,Department of Commerce
stopfraud.gov,Department of Justice
studentaid.gov,Department of Education
studentloans.gov,Department of Education
surgeongeneral.gov,Department of Health and Human Services
sustainability.gov,Environmental Protection Agency
sworm.gov,Department of Commerce
swpa.gov,Department of Energy
taaps.gov,Department of Treasury
tasefiling.gov,Department of Commerce
tax.gov,Department of Treasury
tcis.gov,Department of Treasury
telework.gov,Office of Personnel Management
therealcost.gov,Department of Health and Human Services
thisfreelife.gov,Department of Health and Human Services
tigta.gov,Department of Treasury
time.gov,Department of Commerce
tobacco.gov,Department of Health and Human Services
tox21.gov,Department of Health and Human Services
trade.gov,Department of Commerce
trafficsafetymarketing.gov,Department of Transportation
trainingproviderresults.gov,Department of Labor
transportation.gov,Department of Transportation
treas.gov,Department of Treasury
treaslockbox.gov,Department of Treasury
treasury.fed.us,Department of Treasury
treasury.gov,Department of Treasury
treasuryauctions.gov,Treasury Auction
treasurydirect.gov,Department of Treasury
treasuryecm.gov,Department of Treasury
treasuryhunt.gov,Department of Treasury
treasuryscams.gov,Department of Treasury
tribaljusticeandsafety.gov,Department of Justice
tsa.gov,Department of Homeland Security
tsa.gov,Transportation Security Administration
tsunami.gov,Department of Commerce
ttbonline.gov,Department of Treasury
twai.gov,Department of Treasury
unicor.gov,Department of Justice
unionreports.gov,Department of Labor
unlocktalent.gov,Office of Personnel Management
unrpnet.gov,Department of Energy
urbanwaters.gov,Environmental Protection Agency
us-cert.gov,Department of Homeland Security
us.gov,General Services Administration
usa.gov,General Services Administration
usability.gov,General Services Administration
usagov.gov,General Services Administration
usaid.gov,USAID
usajobs.gov,Office of Personnel Management
usalearning.gov,Office of Personnel Management
usap.gov,National Science Foundation
usaseanconnect.gov,Department of State
usaspending.gov,General Services Administration
usaspending.gov,Department of Treasury
usastaffing.gov,Office of Personnel Management
usbr.gov,Department of the Interior
uscis.gov,US Citizenship and Immigration Services
usconsulate.gov,Department of State
usda.gov,Department of Agriculture
usdebitcard.gov,Department of Treasury
usdigitalservice.gov,Executive Office of the President
usdoj.gov,Department of Justice
usds.gov,Executive Office of the President
usembassy.gov,Department of State
userra.gov,Department of Justice
usgeo.gov,National Aeronautics and Space Administration
usgs.gov,Department of the Interior
usicecenter.gov,Department of Commerce
usmarshals.gov,Department of Justice
usmint.gov,Department of Treasury
usmission.gov,Department of State
usphs.gov,Department of Health and Human Services
uspto.gov,U.S. Patent and Trademark Office
ussm.gov,General Services Administration
usss.gov,U.S. Secret Service
ustda.gov,U.S. Trade and Development Agency
ustr.gov,Executive Office of the President
ustreas.gov,Department of Treasury
utahfireinfo.gov,Department of the Interior
va.gov,Department of Veterans Affairs
vaccines.gov,Department of Health and Human Services
vcf.gov,Department of Justice
vehiclehistory.gov,Department of Justice
veterans.gov,Department of Labor
vets.gov,Department of Veterans Affairs
volcano.gov,Department of the Interior
vote.gov,General Services Administration
wapa.gov,Department of Energy
watermonitor.gov,Department of the Interior
wdol.gov,General Services Administration
weather.gov,Department of Commerce
wh.gov,Executive Office of the President
whaging.gov,Department of Health and Human Services
whistleblowers.gov,Department of Labor
whitehouse.gov,Executive Office of the President
whitehouseconferenceonaging.gov,Department of Health and Human Services
whitehousedrugpolicy.gov,Executive Office of the President
wizard.gov,Department of Treasury
wlci.gov,Department of the Interior
womenshealth.gov,Department of Health and Human Services
worker.gov,Department of Labor
wrp.gov,Department of Labor
xd.gov,Census
youth.gov,Department of Health and Human Services
youthrules.gov,Department of Labor